,제목,링크,썸네일,sizeheight,sizewidth
0,여성 하이웨이스트 연청 와이드 청바지 통바지 편안함 스타일리시 캐주얼 데님 : 믿음상점 스토어,https://shop-phinf.pstatic.net/20251015_281/1760512390478oRzer_PNG/42211957144911892_1321802660.png,https://search.pstatic.net/common/?type=b150&src=https://shop-phinf.pstatic.net/20251015_281/1760512390478oRzer_PNG/42211957144911892_1321802660.png,1000,1000
1,-30 여자 청바지 여성 데님 밴딩 일자 통 와이드 팬츠,http://shopping.phinf.naver.net/main_5666884/56668842682.20250910160628.jpg,https://search.pstatic.net/common/?type=b150&src=http://shopping.phinf.naver.net/main_5666884/56668842682.20250910160628.jpg,600,600
2,키작녀청바지 세미와이드청바지 진청바지 : 미니팬츠,http://shop1.phinf.naver.net/20240320_292/1710861971981oozA6_JPEG/111997805654234812_1322464204.JPG,https://search.pstatic.net/common/?type=b150&src=http://shop1.phinf.naver.net/20240320_292/1710861971981oozA6_JPEG/111997805654234812_1322464204.JPG,1000,1000
3,작은 자른 슬릿 높은 허리 청바지 2022 봄 여름 얇은 스트레이트 느슨한 모든 일치 자른 바지 트위드자켓 빠른배송 - 청바지/바지 | 쿠팡,https://thumbnail.coupangcdn.com/thumbnails/remote/492x492ex/image/vendor_inventory/9db8/caea867b3d7bba130a48ac67a1f14f9ee5c2f16e5770c65a6eaf4f72c888.jpeg,https://search.pstatic.net/sunny/?type=b150&src=https://thumbnail.coupangcdn.com/thumbnails/remote/492x492ex/image/vendor_inventory/9db8/caea867b3d7bba130a48ac67a1f14f9ee5c2f16e5770c65a6eaf4f72c888.jpeg,492,492
4,JEEP spirit 남성 청바지 스판 남자 캐쥬얼 팬츠 지프 : 우수한 편의점,https://shop-phinf.pstatic.net/20251014_131/1760414313349xkfCD_PNG/15377327610400236_1277581610.png,https://search.pstatic.net/common/?type=b150&src=https://shop-phinf.pstatic.net/20251014_131/1760414313349xkfCD_PNG/15377327610400236_1277581610.png,800,800
5,여성 청바지 스트레이트 슬리밍 데님팬츠 여름 찢어진 드레이프 허리 : 리메리아,https://shop-phinf.pstatic.net/20250924_192/1758707560701N0kwu_JPEG/9070779233600854_1788794120.jpg,https://search.pstatic.net/common/?type=b150&src=https://shop-phinf.pstatic.net/20250924_192/1758707560701N0kwu_JPEG/9070779233600854_1788794120.jpg,800,800
6,가비진 여성용 스판 밑단 컷팅 일자 청바지 M,http://shopping.phinf.naver.net/main_5144967/51449679104.20241117191718.jpg,https://search.pstatic.net/common/?type=b150&src=http://shopping.phinf.naver.net/main_5144967/51449679104.20241117191718.jpg,700,700
7,청바지 스판 팬츠 남자명품청바지 데님팬츠 일자핏 럭셔리 : 다바르스토어,http://shop1.phinf.naver.net/20251015_48/1760494122059BRvRY_JPEG/12066086175548523_883824603.jpg,https://search.pstatic.net/common/?type=b150&src=http://shop1.phinf.naver.net/20251015_48/1760494122059BRvRY_JPEG/12066086175548523_883824603.jpg,800,800
8,세미부츠컷 부츠컷청바지 진청데님 진청바지 키작녀청바지 : 우아모르,http://shop1.phinf.naver.net/20251017_197/1760673652588XTbfs_JPEG/12245616614890252_916654229.jpg,https://search.pstatic.net/common/?type=b150&src=http://shop1.phinf.naver.net/20251017_197/1760673652588XTbfs_JPEG/12245616614890252_916654229.jpg,1853,1853
9,"牛仔裤에 있는 光华 白님의 핀 | 여성 청바지, 여성, 청바지",https://i.pinimg.com/736x/be/3e/51/be3e517f6385bb18bc988c4f80a71339.jpg,https://search.pstatic.net/sunny/?type=b150&src=https://i.pinimg.com/736x/be/3e/51/be3e517f6385bb18bc988c4f80a71339.jpg,1582,700
10,1+1 작업복청바지 중년 남성 스판 일자 데님 청바지 : 업히어,http://shop1.phinf.naver.net/20250407_203/1744006314485oHkvk_JPEG/30863167570619195_281660025.jpg,https://search.pstatic.net/common/?type=b150&src=http://shop1.phinf.naver.net/20250407_203/1744006314485oHkvk_JPEG/30863167570619195_281660025.jpg,1000,1000
11,코아픽샵 남자 키작남 일자핏 청바지 도톰 스트레이트 스판 9부 바지 꾹1 : 코아픽샵,https://shop-phinf.pstatic.net/20251004_170/1759505847885m5GXB_JPEG/86196316868653424_884381240.jpeg,https://search.pstatic.net/common/?type=b150&src=https://shop-phinf.pstatic.net/20251004_170/1759505847885m5GXB_JPEG/86196316868653424_884381240.jpeg,500,375
12,와이드핏 블루 청바지 3PT010 :상세정보 - HAGO(하고),https://magjay.co.kr/images/j223/pt/J223FPT010_blue/J223FPT010_blue_02.jpg,https://search.pstatic.net/sunny/?type=b150&src=https://magjay.co.kr/images/j223/pt/J223FPT010_blue/J223FPT010_blue_02.jpg,1371,1020
13,여성 7부데님 청바지 진 팬츠 슬림핏 찢청 C02 사진색 26,http://shopping.phinf.naver.net/main_4795553/47955534971.20240524165431.jpg,https://search.pstatic.net/common/?type=b150&src=http://shopping.phinf.naver.net/main_4795553/47955534971.20240524165431.jpg,800,800
14,여자 하이웨스트 레그 와이드핏 찢어진 데님 청바지 : 파이브커머스,http://shop1.phinf.naver.net//20250426_9/1745599527907jpila_PNG/WFD7C16_0c.jpg,https://search.pstatic.net/common/?type=b150&src=http://shop1.phinf.naver.net//20250426_9/1745599527907jpila_PNG/WFD7C16_0c.jpg,1000,1000
15,썬더볼츠 남성 남친 데님바지 일자핏 청바지 여름 루즈핏 일자 팬츠 비즈니스 하이웨스트 얇은 캐주얼 KKE2 : 썬더볼츠,https://shop-phinf.pstatic.net/20250211_189/1739237395035fxl7g_JPEG/27721815859213713_2003367558.jpeg,https://search.pstatic.net/common/?type=b150&src=https://shop-phinf.pstatic.net/20250211_189/1739237395035fxl7g_JPEG/27721815859213713_2003367558.jpeg,1000,1000
16,플루크 밴딩 10부 청바지-FSJ016C009 커플 28 34 : 멀티100,http://shop1.phinf.naver.net/20160522_243/asbsuper2_1463906302161Wnwu7_JPEG/fsj016c009-2.jpg,https://search.pstatic.net/common/?type=b150&src=http://shop1.phinf.naver.net/20160522_243/asbsuper2_1463906302161Wnwu7_JPEG/fsj016c009-2.jpg,600,600
17,834)자라 컷팅청바지 여성 27권장 : 봉빈티지,http://shop1.phinf.naver.net/20220728_236/1658993126958jNk0g_PNG/60128961772166100_120810106.png,https://search.pstatic.net/common/?type=b150&src=http://shop1.phinf.naver.net/20220728_236/1658993126958jNk0g_PNG/60128961772166100_120810106.png,500,500
18,ORZQU 여성 여름 캐주얼 청바지 편안 일자통바지 M,http://shopping.phinf.naver.net/main_5715766/57157663327.20251011011640.jpg,https://search.pstatic.net/common/?type=b150&src=http://shopping.phinf.naver.net/main_5715766/57157663327.20251011011640.jpg,800,800
19,옷자락 여성 와이드핏 워싱진 뒷밴딩 다트 일자청바지 : 옷자락 OSJARAK,https://shop-phinf.pstatic.net/20251002_20/1759395783800Dfp3K_JPEG/93528599946852042_1907131424.jpeg,https://search.pstatic.net/common/?type=b150&src=https://shop-phinf.pstatic.net/20251002_20/1759395783800Dfp3K_JPEG/93528599946852042_1907131424.jpeg,1000,1000
20,겨울 도톰기모 부츠컷 청바지 스판 밴딩 데님팬츠 빅사이즈 하우룩청바지 : 살롱드그레이,http://shop1.phinf.naver.net/20251021_70/1761058223669LtiTc_JPEG/11613715316369596_460693482.jpg,https://search.pstatic.net/common/?type=b150&src=http://shop1.phinf.naver.net/20251021_70/1761058223669LtiTc_JPEG/11613715316369596_460693482.jpg,1000,1000
21,남자 워싱진 빈티지 블루 청바지 밝은색 아이스 블랙wxy727 : 미미샵R,https://shop-phinf.pstatic.net/20250328_112/174309832697746SNl_JPEG/89732127802943317_821303079.jpg,https://search.pstatic.net/common/?type=b150&src=https://shop-phinf.pstatic.net/20250328_112/174309832697746SNl_JPEG/89732127802943317_821303079.jpg,1000,1000
22,남성 OB 통넓은 와이드핏 청바지 IC-JEA-RM517 : 파파브로맨,https://shop-phinf.pstatic.net/20250918_174/1758156384403HEiXX_JPEG/42755036154882031_1596804680.jpg,https://search.pstatic.net/common/?type=b150&src=https://shop-phinf.pstatic.net/20250918_174/1758156384403HEiXX_JPEG/42755036154882031_1596804680.jpg,1000,1000
23,UPPER 브레디 배색 청바지 (S/M/L)_럭스위즈닷컴 UPPER  브레디 배색 청바지  (S/M/L),https://www.luxwiz.com/web/upload/NNEditor/20250318/MLF_11720282229.JPG,https://search.pstatic.net/sunny/?type=b150&src=https://www.luxwiz.com/web/upload/NNEditor/20250318/MLF_11720282229.JPG,1520,1000
24,남자 청바지 스판 워싱진 HC800-3,http://shopping.phinf.naver.net/main_5217663/52176634812.4.20251009195200.jpg,https://search.pstatic.net/common/?type=b150&src=http://shopping.phinf.naver.net/main_5217663/52176634812.4.20251009195200.jpg,1000,1000
25,38청바지 | 무신사 추천 상품,https://image.msscdn.net/thumbnails/images/goods_img/20251002/5566221/5566221_17593796923059_big.jpg?w=780,https://search.pstatic.net/sunny/?type=b150&src=https://image.msscdn.net/thumbnails/images/goods_img/20251002/5566221/5566221_17593796923059_big.jpg?w=780,936,780
26,JM 남자 4컬러 워싱 와이드 청바지 : 피롯,http://shop1.phinf.naver.net/20250120_152/17373493102286dD23_JPEG/71482247352323894_704342602.JPG,https://search.pstatic.net/common/?type=b150&src=http://shop1.phinf.naver.net/20250120_152/17373493102286dD23_JPEG/71482247352323894_704342602.JPG,3172,2540
27,절개 와이드 청바지 히든밴딩 통넓은 가을 진청 데님 팬츠 : 바이올몰,http://shop1.phinf.naver.net/20250812_78/1754974738154nvOka_JPEG/5696874879849952_219206032.jpg,https://search.pstatic.net/common/?type=b150&src=http://shop1.phinf.naver.net/20250812_78/1754974738154nvOka_JPEG/5696874879849952_219206032.jpg,1000,1000
28,아이잗바바 루즈핏캐쥬얼청바지 BP4E0SL481,http://shopping.phinf.naver.net/main_5440031/54400312929.20250426050510.jpg,https://search.pstatic.net/common/?type=b150&src=http://shopping.phinf.naver.net/main_5440031/54400312929.20250426050510.jpg,1000,1000
29,에이치앤엠 청색 레이온 워싱 스키니청바지 4 여성 : 빈티지테크,https://shop-phinf.pstatic.net/20230324_243/1679619845911QB1oc_JPEG/11213104937343022_395125427.jpeg,https://search.pstatic.net/common/?type=b150&src=https://shop-phinf.pstatic.net/20230324_243/1679619845911QB1oc_JPEG/11213104937343022_395125427.jpeg,800,800
30,남자통청바지 남자와이드핏청바지 : 지다올JIDAOL,http://shop1.phinf.naver.net/20250428_267/1745821513252tfxbV_JPEG/414881185803365_1464608186.jpg,https://search.pstatic.net/common/?type=b150&src=http://shop1.phinf.naver.net/20250428_267/1745821513252tfxbV_JPEG/414881185803365_1464608186.jpg,1046,872
31,JW앤더슨 청바지 DT0052PG1164,http://shopping.phinf.naver.net/main_5647145/56471451153.20251017191912.jpg,https://search.pstatic.net/common/?type=b150&src=http://shopping.phinf.naver.net/main_5647145/56471451153.20251017191912.jpg,300,300
32,이해가 안 되는 청바지 - MANIA,https://cdn.mania.kr/nbamania/file/2510/humor_1639781_20251011041337_a98c92ec525ea009_thumb.jpg,https://search.pstatic.net/sunny/?type=b150&src=https://cdn.mania.kr/nbamania/file/2510/humor_1639781_20251011041337_a98c92ec525ea009_thumb.jpg,1172,660
33,임산부청바지 임부 부츠컷 청바지 임부복 데님 : 베니맘스,http://shop1.phinf.naver.net/20250908_244/175733836562394Fx7_JPEG/91471199107373871_1101315828.jpg,https://search.pstatic.net/common/?type=b150&src=http://shop1.phinf.naver.net/20250908_244/175733836562394Fx7_JPEG/91471199107373871_1101315828.jpg,1000,1000
34,남성 캐주얼 일자핏 청바지  추동 루즈핏 일자 빈티지 데님팬츠 DUCHI4 : 김해장유두처리두치,https://shop-phinf.pstatic.net/20250205_113/1738731757208CKdgM_JPEG/30966765788981089_1270452300.jpeg,https://search.pstatic.net/common/?type=b150&src=https://shop-phinf.pstatic.net/20250205_113/1738731757208CKdgM_JPEG/30966765788981089_1270452300.jpeg,1000,1000
35,시리즈 워싱 스키니진 데님 청바지 32 : 메이커광,http://shop1.phinf.naver.net/20250612_170/1749699308276OUjS3_JPEG/4153616134562837_1335241577.jpg,https://search.pstatic.net/common/?type=b150&src=http://shop1.phinf.naver.net/20250612_170/1749699308276OUjS3_JPEG/4153616134562837_1335241577.jpg,1440,1440
36,돌체앤가바나 Dolce & Gabbana 워싱 스판 캐주얼 청바지 - 위핑 돌체앤가바나 Dolce & Gabbana 워싱 스판 캐주얼 청바지,https://weping.co.kr/data/goods/1/2025/08/1389309_2025082415455515.jpg,https://search.pstatic.net/sunny/?type=b150&src=https://weping.co.kr/data/goods/1/2025/08/1389309_2025082415455515.jpg,801,600
37,[명품]돌체앤가바나 로고 FTBXDD G901U S9001 여성 청바지 FTBXDD G901U S900102- 이랜드몰,https://item.elandrs.com/upload/prd/orgimg/543/2210417543_0000106.jpg,https://search.pstatic.net/sunny/?type=b150&src=https://item.elandrs.com/upload/prd/orgimg/543/2210417543_0000106.jpg,800,800
38,앞포켓 스트레이트 일자핏 롤업 여성 데님 청바지 : 때깔닷컴,https://shop-phinf.pstatic.net/20250916_115/1757985073735BVo1n_JPEG/92118016875889910_1793957888.jpeg,https://search.pstatic.net/common/?type=b150&src=https://shop-phinf.pstatic.net/20250916_115/1757985073735BVo1n_JPEG/92118016875889910_1793957888.jpeg,700,700
39,BL11  46BLK03830 패치워싱청바지 : santamonica,https://shop-phinf.pstatic.net/20251015_8/1760512190681oHxxT_JPEG/6481910542142503_1810668915.jpeg,https://search.pstatic.net/common/?type=b150&src=https://shop-phinf.pstatic.net/20251015_8/1760512190681oHxxT_JPEG/6481910542142503_1810668915.jpeg,1146,860
40,1+1 고급 사방 스판 남자 작업복 편한 데님 청바지 남성 캐주얼 : J무역,http://shop1.phinf.naver.net/20241112_224/1731391286263M7qh9_PNG/46907774592556487_1342536927.png,https://search.pstatic.net/common/?type=b150&src=http://shop1.phinf.naver.net/20241112_224/1731391286263M7qh9_PNG/46907774592556487_1342536927.png,1000,1000
41,[M] 르메인세컨드 와이드 워싱 청바지 : lookvtg,https://shop-phinf.pstatic.net/20250905_191/17570689710831MMEc_JPEG/91201773209612236_1271005051.jpg,https://search.pstatic.net/common/?type=b150&src=https://shop-phinf.pstatic.net/20250905_191/17570689710831MMEc_JPEG/91201773209612236_1271005051.jpg,1024,1024
42,원픽 남자 배기 청바지 봄 핏 테이퍼드 스판 빈티지 BE1,http://shopping.phinf.naver.net/main_5717395/57173951831.20251011224616.jpg,https://search.pstatic.net/common/?type=b150&src=http://shopping.phinf.naver.net/main_5717395/57173951831.20251011224616.jpg,600,600
43,[망고]MANGO KIDS 청바지 WIDE1 Open Blue 17021248 [W CONCEPT],https://mrkmango.diskn.com/product/2025_t1/webimg/17021248_DI_D6.jpg,https://search.pstatic.net/sunny/?type=b150&src=https://mrkmango.diskn.com/product/2025_t1/webimg/17021248_DI_D6.jpg,1202,860
44,IMPERIAL P5407WIP01 청바지 : santamonica,https://shop-phinf.pstatic.net/20231215_114/1702631209272FMAh8_JPEG/173165020732328_488363560.jpeg,https://search.pstatic.net/common/?type=b150&src=https://shop-phinf.pstatic.net/20231215_114/1702631209272FMAh8_JPEG/173165020732328_488363560.jpeg,1333,1000
45,모노무드 폴미남 청바지 WDP 113,http://shopping.phinf.naver.net/main_5680383/56803834108.20250919223632.jpg,https://search.pstatic.net/common/?type=b150&src=http://shopping.phinf.naver.net/main_5680383/56803834108.20250919223632.jpg,600,600
46,여자 와이드데님 연청 청바지 : 마지아슈,http://shop1.phinf.naver.net/20250321_271/1742548336741o9fbO_JPEG/28444167768565460_1271961654.jpg,https://search.pstatic.net/common/?type=b150&src=http://shop1.phinf.naver.net/20250321_271/1742548336741o9fbO_JPEG/28444167768565460_1271961654.jpg,1000,1000
47,뱅뱅 남녀공용 속밴드 레귤러 스판 청바지 NQK160 : 롯데백화점 청량리점,http://shop1.phinf.naver.net/20240207_255/1707285221071uHRIp_JPEG/33778526898884984_1912901719.jpg,https://search.pstatic.net/common/?type=b150&src=http://shop1.phinf.naver.net/20240207_255/1707285221071uHRIp_JPEG/33778526898884984_1912901719.jpg,1000,1000
48,QEWBG 여성 와이드핏 하이웨스트 청바지 M,http://shopping.phinf.naver.net/main_5720225/57202258926.20251014012120.jpg,https://search.pstatic.net/common/?type=b150&src=http://shopping.phinf.naver.net/main_5720225/57202258926.20251014012120.jpg,780,780
49,(XL) 시리즈 청바지 : 멜스,https://shop-phinf.pstatic.net/20250402_44/17435207557835SdlU_JPEG/29047104639717341_264097209.jpg,https://search.pstatic.net/common/?type=b150&src=https://shop-phinf.pstatic.net/20250402_44/17435207557835SdlU_JPEG/29047104639717341_264097209.jpg,1024,1024
50,빅걸스토리 여성 와이드핏 밴딩 통 청바지 진청 연청 연청1번,http://shopping.phinf.naver.net/main_5727872/57278724020.20251018220956.jpg,https://search.pstatic.net/common/?type=b150&src=http://shopping.phinf.naver.net/main_5727872/57278724020.20251018220956.jpg,1000,1000
51,와일드 청바지 : 모어J,http://shop1.phinf.naver.net/20171214_5/joo_603_1513180096625IF58J_JPEG/36487276266215670_-215589959.jpg,https://search.pstatic.net/common/?type=b150&src=http://shop1.phinf.naver.net/20171214_5/joo_603_1513180096625IF58J_JPEG/36487276266215670_-215589959.jpg,802,623
52,1+1 남자 부츠컷 청바지 세미 와이드 빈티지 워싱 데님 팬츠 : 우모르,http://shop1.phinf.naver.net/20250924_13/1758680974949qFnXC_JPEG/105646242734536752_175126133.jpg,https://search.pstatic.net/common/?type=b150&src=http://shop1.phinf.naver.net/20250924_13/1758680974949qFnXC_JPEG/105646242734536752_175126133.jpg,1000,1000
53,여성 여름 8부 핀턱 스판 통청바지 밴딩 고무줄청바지 와이드데님 연청 : 슈퍼캣파랑,http://shop1.phinf.naver.net/20250505_60/1746445896141MLzzr_JPEG/80578664279493855_1820905416.jpg,https://search.pstatic.net/common/?type=b150&src=http://shop1.phinf.naver.net/20250505_60/1746445896141MLzzr_JPEG/80578664279493855_1820905416.jpg,1707,1280
54,버버리 BURBERRY 패셔너블한 클래식 캐주얼 다용도 청바지 - 위핑 버버리 BURBERRY 패셔너블한 클래식 캐주얼 다용도 청바지,https://weping.co.kr/data/editor/goods/2530/2025/05/1356233_8cb5cf2d3c4781157894a415f3e86e322106184.jpg,https://search.pstatic.net/sunny/?type=b150&src=https://weping.co.kr/data/editor/goods/2530/2025/05/1356233_8cb5cf2d3c4781157894a415f3e86e322106184.jpg,1067,800
55,besteffie 스키니진 여성용 연청 부츠컷 나팔바지 청바지 하이웨이스트 데일리 E88 29,http://shopping.phinf.naver.net/main_5112312/51123124787.20241031023628.jpg,https://search.pstatic.net/common/?type=b150&src=http://shopping.phinf.naver.net/main_5112312/51123124787.20241031023628.jpg,1000,1000
56,뱅뱅 인밴드 기모 테이퍼드 스판 청바지 NQL770,http://shopping.phinf.naver.net/main_5706510/57065106180.20251002150336.jpg,https://search.pstatic.net/common/?type=b150&src=http://shopping.phinf.naver.net/main_5706510/57065106180.20251002150336.jpg,600,600
57,남자 롱 더블턱 와이드 청바지 데님 팬츠 : 로니제이,http://shop1.phinf.naver.net/20231024_242/1698130880449fBnzj_JPEG/6554928691561805_1820822839.JPG,https://search.pstatic.net/common/?type=b150&src=http://shop1.phinf.naver.net/20231024_242/1698130880449fBnzj_JPEG/6554928691561805_1820822839.JPG,1000,1000
58,"[포토] 강소라, 청바지 입어도 돋보이는 각선미 - 헤럴드경제 [포토] 강소라, 청바지 입어도 돋보이는 각선미",https://wimg.heraldcorp.com/upcontent/ncms/2016/01/19/201601190307001103542_20160119030701.jpg,https://search.pstatic.net/sunny/?type=b150&src=https://wimg.heraldcorp.com/upcontent/ncms/2016/01/19/201601190307001103542_20160119030701.jpg,750,500
59,아가방 청바지 가을  로이일자핏데님바지 01R532001  50% : 아가방갤러리 에덴점,http://shop1.phinf.naver.net/20240727_152/1722062467218xIkGU_JPEG/10733866025761646_1262530455.jpg,https://search.pstatic.net/common/?type=b150&src=http://shop1.phinf.naver.net/20240727_152/1722062467218xIkGU_JPEG/10733866025761646_1262530455.jpg,4000,3000
60,남자밴딩청바지 통청바지 남자흑청바지 남성와이드데님 : 170룸,http://shop1.phinf.naver.net/20250926_2/1758878883698CrKxS_JPEG/558450737556188_2141245298.jpg,https://search.pstatic.net/common/?type=b150&src=http://shop1.phinf.naver.net/20250926_2/1758878883698CrKxS_JPEG/558450737556188_2141245298.jpg,860,860
61,미들워싱 밑단 컷팅 빈티지 남자 청바지 4컬러 BLDO2011,http://shopping.phinf.naver.net/main_5343320/53433209432.20250309010155.jpg,https://search.pstatic.net/common/?type=b150&src=http://shopping.phinf.naver.net/main_5343320/53433209432.20250309010155.jpg,500,500
62,남자 세미 와이드 청바지 밴딩 데님 팬츠 : 비브레이커스,http://shop1.phinf.naver.net/20251002_17/1759377998311uaNf9_JPEG/35150835349744715_1832177903.jpg,https://search.pstatic.net/common/?type=b150&src=http://shop1.phinf.naver.net/20251002_17/1759377998311uaNf9_JPEG/35150835349744715_1832177903.jpg,1000,1000
63,남자 청바지 워싱 밴딩 데님 와이드 팬츠 통바지 인어미남 연블루,http://shopping.phinf.naver.net/main_5718669/57186698377.20251012204417.jpg,https://search.pstatic.net/common/?type=b150&src=http://shopping.phinf.naver.net/main_5718669/57186698377.20251012204417.jpg,800,800
64,여아 초등학생 롱 와이드 단추 밴딩 청바지 | 돈버는 쇼핑 도매꾹 [도매꾹] 여아 초등학생 롱 와이드 단추 밴딩 청바지,https://rorane.godohosting.com/pants/button_jean/button_jean_10.jpg,https://search.pstatic.net/sunny/?type=b150&src=https://rorane.godohosting.com/pants/button_jean/button_jean_10.jpg,831,800
65,가우리 통일자 와이드청바지 HL 550 메가 와이드진 청,http://shopping.phinf.naver.net/main_5700463/57004637439.20250930191404.jpg,https://search.pstatic.net/common/?type=b150&src=http://shopping.phinf.naver.net/main_5700463/57004637439.20250930191404.jpg,500,500
66,남성 트렌디 아이템 청바지 일자핏 봄가을 블랙 바지 일자 스판 캐주얼 가을 HT3 : 해피-다올F,https://shop-phinf.pstatic.net/20251006_17/1759756479104h0ndO_JPEG/93889419247825482_1645826965.jpeg,https://search.pstatic.net/common/?type=b150&src=https://shop-phinf.pstatic.net/20251006_17/1759756479104h0ndO_JPEG/93889419247825482_1645826965.jpeg,1000,1000
67,남자와이드청바지 남성더블턱청바지 : 설렌다,http://shop1.phinf.naver.net/20251010_63/1760086299537YEqha_JPEG/14748682484907153_444601572.jpg,https://search.pstatic.net/common/?type=b150&src=http://shop1.phinf.naver.net/20251010_63/1760086299537YEqha_JPEG/14748682484907153_444601572.jpg,1000,1000
68,남자 스탠다드 캣 워싱 와이드 데님팬츠 청바지 : 옴므티디,http://shop1.phinf.naver.net/20251017_1/1760686317708DecNV_JPEG/94819156779226445_947601220.jpg,https://search.pstatic.net/common/?type=b150&src=http://shop1.phinf.naver.net/20251017_1/1760686317708DecNV_JPEG/94819156779226445_947601220.jpg,1000,1000
69,여성 하이웨스트 와이드 워싱 청바지 데님 : 탱드흐,http://shop1.phinf.naver.net/20251014_254/1760423751833pxi7b_JPEG/7102172863542355_753169099.jpg,https://search.pstatic.net/common/?type=b150&src=http://shop1.phinf.naver.net/20251014_254/1760423751833pxi7b_JPEG/7102172863542355_753169099.jpg,1000,1000
70,1 1 2개 아동 여아 데님 부츠컷 청바지 2종세트 데님 2종세트 130,http://shopping.phinf.naver.net/main_5677535/56775352961.20250917200732.jpg,https://search.pstatic.net/common/?type=b150&src=http://shopping.phinf.naver.net/main_5677535/56775352961.20250917200732.jpg,780,780
71,봄 가을 남성청바지 와이드 캐주얼팬츠 데님바지 작업복 데님팬츠 남자바지 28 902,http://shopping.phinf.naver.net/main_4736873/47368738662.20240607072412.jpg,https://search.pstatic.net/common/?type=b150&src=http://shopping.phinf.naver.net/main_4736873/47368738662.20240607072412.jpg,790,790
72,여아 찢 청바지 초등학생 주니어 와이드 슬랙스 팬츠 아동바지 여자아이 주니어복 : 꼬망키즈몰,http://shop1.phinf.naver.net/20250703_277/1751519445096u88G2_JPEG/12856692200239075_1818197374.jpg,https://search.pstatic.net/common/?type=b150&src=http://shop1.phinf.naver.net/20250703_277/1751519445096u88G2_JPEG/12856692200239075_1818197374.jpg,800,800
73,NJKLJ013 빅 사이즈 봄가을 데님팬츠 청바지1+1 : 키작녀의류 신발전문,http://shop1.phinf.naver.net/20251020_220/1760937285698CzE9l_JPEG/6123781817925696_1509484817.jpg,https://search.pstatic.net/common/?type=b150&src=http://shop1.phinf.naver.net/20251020_220/1760937285698CzE9l_JPEG/6123781817925696_1509484817.jpg,1200,1200
74,텐바이텐 10X10 : 여자 스트레이트 밑트임 워싱 가을 청바지,http://thumbnail.10x10.co.kr/webimage/image/basic600/700/B007004366.jpg?cmd=thumb&w=500&h=500&fit=true&ws=false,https://search.pstatic.net/sunny/?type=b150&src=http://thumbnail.10x10.co.kr/webimage/image/basic600/700/B007004366.jpg?cmd=thumb&w=500&h=500&fit=true&ws=false,500,500
75,블루포스 남성용 세듄 와이드 히든밴딩 청바지 워싱 긴바지 빈티지청,http://shopping.phinf.naver.net/main_5665772/56657729429.20250914035207.jpg,https://search.pstatic.net/common/?type=b150&src=http://shopping.phinf.naver.net/main_5665772/56657729429.20250914035207.jpg,1000,1000
76,남자와이드청바지 찢어진청바지 페인팅찢청 : 구스핏,http://shop1.phinf.naver.net/20250623_29/1750660533555WXUtp_JPEG/84793476675940053_2135560661.jpg,https://search.pstatic.net/common/?type=b150&src=http://shop1.phinf.naver.net/20250623_29/1750660533555WXUtp_JPEG/84793476675940053_2135560661.jpg,1384,1384
77,남자와이드청바지 남자밴딩청바지 벌룬데님 : 언너드핏,http://shop1.phinf.naver.net/20250905_246/1757080697159o0GV1_JPEG/7053050257365384_350185680.JPG,https://search.pstatic.net/common/?type=b150&src=http://shop1.phinf.naver.net/20250905_246/1757080697159o0GV1_JPEG/7053050257365384_350185680.JPG,1999,1999
78,뱅뱅 뒷밴드 테이퍼드 핏 청바지 NQK670,http://shopping.phinf.naver.net/main_5561521/55615214679.20251017185853.jpg,https://search.pstatic.net/common/?type=b150&src=http://shopping.phinf.naver.net/main_5561521/55615214679.20251017185853.jpg,600,600
79,남성와이드청바지 남자일자청바지 기모청바지 : 멋있다,http://shop1.phinf.naver.net/20231127_260/1701082030150rrMG0_JPEG/3688510957489769_172936623.jpg,https://search.pstatic.net/common/?type=b150&src=http://shop1.phinf.naver.net/20231127_260/1701082030150rrMG0_JPEG/3688510957489769_172936623.jpg,1000,1000
80,유블리 여아용 플란 밑단 레이스 청바지 데님 160,http://shopping.phinf.naver.net/main_4974606/49746067548.20240812203714.jpg,https://search.pstatic.net/common/?type=b150&src=http://shopping.phinf.naver.net/main_4974606/49746067548.20240812203714.jpg,600,600
81,지홍 지홍 데님 청바지 7부 통바지 와이드핏 면 고무줄바지 루즈핏 빈티지워싱,http://shopping.phinf.naver.net/main_5443714/54437147154.20250426220514.jpg,https://search.pstatic.net/common/?type=b150&src=http://shopping.phinf.naver.net/main_5443714/54437147154.20250426220514.jpg,600,600
82,와칸다 여성 여친 데님바지 일자핏 다이아몬드 자수 일자 청바지 KKE5 : 와칸다1,https://shop-phinf.pstatic.net/20250208_74/1738971147285bu9Ch_PNG/56287218220350367_485089893.png,https://search.pstatic.net/common/?type=b150&src=https://shop-phinf.pstatic.net/20250208_74/1738971147285bu9Ch_PNG/56287218220350367_485089893.png,1000,1000
83,업히어 남자 일자 가을 스판 작업복 청바지 데님팬츠 슬림핏 블랙진 1 1,http://shopping.phinf.naver.net/main_5523320/55233200563.20250610201943.jpg,https://search.pstatic.net/common/?type=b150&src=http://shopping.phinf.naver.net/main_5523320/55233200563.20250610201943.jpg,600,600
84,스냅 와이드 데님 팬츠 단추 봄청바지 투웨이버전 청바지 : 슈가베이글,http://shop1.phinf.naver.net/20250303_87/1741013160160Dj9IN_JPEG/75188385112915362_2063752922.jpg,https://search.pstatic.net/common/?type=b150&src=http://shop1.phinf.naver.net/20250303_87/1741013160160Dj9IN_JPEG/75188385112915362_2063752922.jpg,640,640
85,몰도 여자 배기핏 청바지 언밸런스 연청 바지 젠1 : 몰도라,https://shop-phinf.pstatic.net/20250930_155/1759221604452V4AQm_JPEG/7354218464439665_1972903290.jpeg,https://search.pstatic.net/common/?type=b150&src=https://shop-phinf.pstatic.net/20250930_155/1759221604452V4AQm_JPEG/7354218464439665_1972903290.jpeg,500,500
86,남성 도톰 청바지 스트레이트 스판 9부 바지 핫픽2 K44Z1R,http://shopping.phinf.naver.net/main_5709021/57090215433.20251022020114.jpg,https://search.pstatic.net/common/?type=b150&src=http://shopping.phinf.naver.net/main_5709021/57090215433.20251022020114.jpg,800,800
87,일자핏 와이드 청바지 : 십문칠,https://shop-phinf.pstatic.net/20250907_194/1757229384154tFcwP_JPEG/33631838270053806_1504905102.jpeg,https://search.pstatic.net/common/?type=b150&src=https://shop-phinf.pstatic.net/20250907_194/1757229384154tFcwP_JPEG/33631838270053806_1504905102.jpeg,900,900
88,여름 빅 사이즈 빈티지 루즈핏 와이드 찢어진 청바지 NZPDKX03 : 스마트 공장,http://shop1.phinf.naver.net/20250527_232/1748313837809mE6k3_JPEG/20281327884679898_1086626304.jpg,https://search.pstatic.net/common/?type=b150&src=http://shop1.phinf.naver.net/20250527_232/1748313837809mE6k3_JPEG/20281327884679898_1086626304.jpg,1200,1200
89,대형 작업 청 트렌디 스트레이트 포켓 청바지 편리한 슬림핏 카고 바지 WYL8207연청바지 28 : 다모아...,http://shop1.phinf.naver.net/20250212_247/1739328016864i6Myr_JPEG/88811624036856982_1223854999.jpg,https://search.pstatic.net/common/?type=b150&src=http://shop1.phinf.naver.net/20250212_247/1739328016864i6Myr_JPEG/88811624036856982_1223854999.jpg,1000,750
90,보세 여자 청바지 쇼핑 통청 바지 가을 엄마,http://shopping.phinf.naver.net/main_5565686/55656862270.20250719233744.jpg,https://search.pstatic.net/common/?type=b150&src=http://shopping.phinf.naver.net/main_5565686/55656862270.20250719233744.jpg,600,600
91,남자연청바지 흑청바지 : 웨어 라운드,https://shop-phinf.pstatic.net/20250522_11/1747898893546MVGXM_PNG/82031716785445910_710361584.png,https://search.pstatic.net/common/?type=b150&src=https://shop-phinf.pstatic.net/20250522_11/1747898893546MVGXM_PNG/82031716785445910_710361584.png,1000,1000
92,여성 워싱와이드 데님 바지 하이웨스트 키작녀청바지 : 이버유 ebuu,http://shop1.phinf.naver.net/20250905_57/17570324506533F3Lx_JPEG/91165245622358009_2087483537.jpg,https://search.pstatic.net/common/?type=b150&src=http://shop1.phinf.naver.net/20250905_57/17570324506533F3Lx_JPEG/91165245622358009_2087483537.jpg,2761,2761
93,[기모추가 3기장] 카일 절개 인밴딩 롱 와이드 청바지 (4color) : MISO706,http://shop1.phinf.naver.net/20251018_120/1760793213453OvkUy_JPEG/4424660308863604_565689483.jpg,https://search.pstatic.net/common/?type=b150&src=http://shop1.phinf.naver.net/20251018_120/1760793213453OvkUy_JPEG/4424660308863604_565689483.jpg,960,750
94,워싱데님 빈티지 청바지 흑청바지 : 제이앤썸 JSOME,https://shop-phinf.pstatic.net/20250903_292/1756867811290Cx9bk_JPEG/29188891417126833_1800897018.jpeg,https://search.pstatic.net/common/?type=b150&src=https://shop-phinf.pstatic.net/20250903_292/1756867811290Cx9bk_JPEG/29188891417126833_1800897018.jpeg,2324,2324
95,남자청바지 럭셔리 빅사이즈 여름 스판 조거팬츠 청바지 비즈니스 라이트 k25 : 심쿵직구몰,https://shop-phinf.pstatic.net/20250521_137/1747797375289mgmlc_JPEG/28339583933083378_1744718212.jpg,https://search.pstatic.net/common/?type=b150&src=https://shop-phinf.pstatic.net/20250521_137/1747797375289mgmlc_JPEG/28339583933083378_1744718212.jpg,800,800
96,발망청바지 | 트렌비,https://image-cdn.trenbe.com/productmain-image/638791710267056460_25757753_0.jpg,https://search.pstatic.net/sunny/?type=b150&src=https://image-cdn.trenbe.com/productmain-image/638791710267056460_25757753_0.jpg,900,900
97,남성 겨울청바지 탈부착 오리털 패딩팬츠 청바지 : HILLZO-URBAN,http://shop1.phinf.naver.net/20231125_290/1700885126020YxJTQ_JPEG/6778417842726274_410406211.jpg,https://search.pstatic.net/common/?type=b150&src=http://shop1.phinf.naver.net/20231125_290/1700885126020YxJTQ_JPEG/6778417842726274_410406211.jpg,790,790
98,남자 큰옷 빅사이즈 BS 롱 와이드통 커브 고무밴딩 청바지 1089 (블루청) : 스타일빅,http://shop1.phinf.naver.net/20250930_287/1759225401882YynsC_JPEG/93358387967138347_981849897.jpg,https://search.pstatic.net/common/?type=b150&src=http://shop1.phinf.naver.net/20250930_287/1759225401882YynsC_JPEG/93358387967138347_981849897.jpg,1000,1000
99,남성 가을 겨울 기모 도톰한 스트레이트핏 스판 청바지 E15Z49E 젠2 : 수:피아,http://shop1.phinf.naver.net/20251012_221/1760195026829GJCj4_JPEG/94327887959887005_1382895326.jpeg,https://search.pstatic.net/common/?type=b150&src=http://shop1.phinf.naver.net/20251012_221/1760195026829GJCj4_JPEG/94327887959887005_1382895326.jpeg,800,800
